{
  "acc": 0.7435266666666667,
  "auc_macro_ovr": 0.9646708571111112,
  "best_epoch": 30.0,
  "best_val_metric_seen": 0.9652119011111111,
  "mean_confidence": 0.7821894288063049,
  "mean_entropy": 0.6084794402122498,
  "signal_vs_bg_auc": 0.9567941725925926,
  "signal_vs_bg_fpr50": 0.0084,
  "target_vs_bg_ratio_auc": 0.9912942666666666,
  "target_vs_bg_ratio_fpr50": 0.001,
  "trainer_posthoc_metric_abs_diff": 0.0,
  "val_metric_reloaded": 0.9652119011111111
}