{
  "clean_metrics": {
    "acc": 0.7435266666666667,
    "auc_macro_ovr": 0.9646708571111112,
    "best_epoch": 30.0,
    "best_val_metric_seen": 0.9652119011111111,
    "mean_confidence": 0.7821894288063049,
    "mean_entropy": 0.6084794402122498,
    "signal_vs_bg_auc": 0.9567941725925926,
    "signal_vs_bg_fpr50": 0.0084,
    "target_vs_bg_ratio_auc": 0.9912942666666666,
    "target_vs_bg_ratio_fpr50": 0.001,
    "trainer_posthoc_metric_abs_diff": 0.0,
    "val_metric_reloaded": 0.9652119011111111
  },
  "feature_mode": "full",
  "method_effectiveness": [
    {
      "acc_gap": 0.17753333333333332,
      "auc_gap": 0.07045906921296291,
      "gap_target_minus_random": 0.15991542207476783,
      "method": "input_gradients",
      "random_drop": 0.03101960210489769,
      "targeted_drop": 0.19093502417966557
    },
    {
      "acc_gap": 0.26255833333333334,
      "auc_gap": 0.10379136921296292,
      "gap_target_minus_random": 0.23715433888796877,
      "method": "integrated_gradients",
      "random_drop": 0.03101960210489769,
      "targeted_drop": 0.2681739409928665
    },
    {
      "acc_gap": 0.16920833333333335,
      "auc_gap": 0.061576943171296264,
      "gap_target_minus_random": 0.15513619046528,
      "method": "smoothgrad",
      "random_drop": 0.03101960210489769,
      "targeted_drop": 0.1861557925701777
    }
  ],
  "n_test_jets": 150000,
  "n_train_jets": 150000,
  "n_val_jets": 50000,
  "run_name": "prelim_reimpl_cluster_seed41",
  "sanity_checks": {
    "class_balance_eval_split": {
      "counts": {
        "HToBB": 15000,
        "HToCC": 15000,
        "HToGG": 15000,
        "HToWW2Q1L": 15000,
        "HToWW4Q": 15000,
        "TTBar": 15000,
        "TTBarLep": 15000,
        "WToQQ": 15000,
        "ZJetsToNuNu": 15000,
        "ZToQQ": 15000
      },
      "max_minus_min": 0,
      "status": "pass"
    },
    "disjoint_split_construction": {
      "overlap_counts": {
        "train_test_overlap": 0,
        "train_val_overlap": 0,
        "val_test_overlap": 0
      },
      "status": "pass"
    },
    "label_mapping_permutation_diagnostic": {
      "best_permutation_accuracy": 0.7435266666666667,
      "delta_perm": 0.0,
      "raw_accuracy": 0.7435266666666667,
      "status": "pass"
    },
    "non_finite_output_checks": {
      "clean_logits_finite": true,
      "clean_probs_finite": true,
      "corruptions_all_finite": true,
      "status": "pass"
    },
    "targeted_vs_random_masking_parity": {
      "max_abs_k_mean_diff": 2.220446049250313e-16,
      "status": "pass"
    },
    "trainer_vs_reloaded_val_consistency": {
      "abs_diff": 0.0,
      "best_val_metric_seen": 0.9652119011111111,
      "reloaded_val_metric": 0.9652119011111111,
      "status": "pass"
    }
  },
  "seed": 41,
  "top_shift_metric_ranking": [
    {
      "abs_spearman_delta_auc": 0.9500000000000001,
      "metric": "prob_l1_drift",
      "rank": 1
    },
    {
      "abs_spearman_delta_auc": 0.9500000000000001,
      "metric": "top1_flip_rate",
      "rank": 2
    },
    {
      "abs_spearman_delta_auc": 0.9500000000000001,
      "metric": "class_js_divergence",
      "rank": 3
    }
  ]
}