{
  "clean_acc": 0.7368733333333334,
  "clean_auc_macro_ovr": 0.9627633469382715,
  "clean_stats": {
    "class_dist": [
      0.0961922893683378,
      0.09736414561643073,
      0.11788994759951683,
      0.09675643123268535,
      0.0920932496361639,
      0.09748803928136994,
      0.10145530572200073,
      0.10353282078175001,
      0.10335078520862255,
      0.09387698555312213
    ],
    "mean_confidence": 0.7711417081526916,
    "mean_entropy": 0.6380888149015853,
    "top1_hist": [
      0.08794666666666667,
      0.08621333333333334,
      0.12513333333333335,
      0.09734666666666666,
      0.10204666666666666,
      0.10646,
      0.10140666666666667,
      0.11059333333333334,
      0.09506,
      0.08779333333333333
    ]
  }
}