{
  "aspen_n_jets_used": 1000000,
  "aspen_shift_metrics": {
    "class_js_divergence": 0.2221550528198718,
    "confidence_drop": 0.14814477842702967,
    "entropy_shift": 0.48700279376253963,
    "prob_l1_drift": 1.1493618062425524,
    "top1_flip_rate": 0.7373823333333334
  },
  "clean_acc": 0.7368733333333334,
  "ensemble_predicted_delta_acc": 0.5396010759942695,
  "ensemble_predicted_expected_acc": 0.19727225733906384,
  "model_run_name": "prelim_reimpl_cluster_seed85",
  "seed": 85
}