{
  "merge_mae": 3.7122047643661498,
  "eff_mae": 1.9491014516088698,
  "total_mae": 4.718807542668449,
  "merge_bias": 0.13021193175845677,
  "eff_bias": -0.6135523715019227,
  "total_bias": -0.48334043974346586,
  "merge_rmse": 4.7682666837565275,
  "eff_rmse": 2.607097273852662,
  "total_rmse": 6.1781641305740225,
  "true_merge_mean": 20.568,
  "pred_merge_mean": 20.698211931758458,
  "true_eff_mean": 3.59,
  "pred_eff_mean": 2.9764476284980774,
  "true_total_mean": 24.158,
  "pred_total_mean": 23.674659560256533
}