{
  "val_total": 22.236661163330076,
  "val_set": 0.5468000440597535,
  "val_phys": 0.4307679944038391,
  "val_pt_ratio": 0.10294613967339197,
  "val_e_ratio": 0.10235173809528351,
  "val_budget": 32.907235127766924,
  "val_sparse": 0.1901208675702413,
  "val_local": 1.2567518679300944
}