{
  "checks_pass_count": {
    "aspen_finite_ok": 5,
    "aspen_norm_ok": 5,
    "aspen_size_ok": 5,
    "clean_acc_ok": 5,
    "clean_auc_ok": 5,
    "corruption_replay_ok": 5,
    "mapping_strong_intercept_ok": 5,
    "mapping_strong_loocv_ok": 0,
    "mapping_strong_r2_ok": 5
  },
  "clean_acc_diff_stats": {
    "max": 0.0,
    "mean": 0.0,
    "min": 0.0,
    "n": 5.0,
    "std": 0.0
  },
  "clean_auc_diff_stats": {
    "max": 0.0,
    "mean": 0.0,
    "min": 0.0,
    "n": 5.0,
    "std": 0.0
  },
  "ensemble_pred_acc_stats": {
    "max": 0.19727225733906384,
    "mean": 0.11345018480872471,
    "min": 0.04744244060704805,
    "n": 5.0,
    "std": 0.06350510583748677
  },
  "ensemble_pred_delta_stats": {
    "max": 0.7040842260596186,
    "mean": 0.6324711485246086,
    "min": 0.5396010759942695,
    "n": 5.0,
    "std": 0.06876334006727595
  },
  "extrapolation_counts": {
    "severe_total": 18,
    "warn_total": 7
  },
  "missing_seeds": [],
  "num_metrics_clipped_stats": {
    "max": 2.0,
    "mean": 1.4,
    "min": 0.0,
    "n": 5.0,
    "std": 0.8944271909999159
  },
  "output_dir": "/home/ryreu/atlas/CompPhys_FinalProject/restart_studies/results/prelim_reimpl_cluster_aspen_sanity_5seeds",
  "results_root": "/home/ryreu/atlas/CompPhys_FinalProject/restart_studies/results",
  "run_basename": "prelim_reimpl_cluster",
  "runs_found": 5,
  "runs_missing": 0,
  "seeds_requested": [
    41,
    52,
    63,
    74,
    85
  ],
  "strong_pred_acc_stats": {
    "max": 0.3147962680841904,
    "mean": 0.2588240447615368,
    "min": 0.1993728338329548,
    "n": 5.0,
    "std": 0.0453495858742084
  },
  "strong_pred_delta_stats": {
    "max": 0.5375004995003786,
    "mean": 0.48709728857179646,
    "min": 0.4403437319158096,
    "n": 5.0,
    "std": 0.04111685482597024
  },
  "top1_max_share_stats": {
    "max": 0.833619,
    "mean": 0.7317376,
    "min": 0.551198,
    "n": 5.0,
    "std": 0.10792353467293407
  }
}