{
  "clean_acc": 0.74254,
  "clean_auc_macro_ovr": 0.9637968609382718,
  "clean_stats": {
    "class_dist": [
      0.09654161062847211,
      0.09602827219509717,
      0.12085983950779132,
      0.096765816185677,
      0.08964945130885127,
      0.0969180026756554,
      0.10114853315839134,
      0.1018729958880263,
      0.103744381335187,
      0.09647109711685092
    ],
    "mean_confidence": 0.7776374445478121,
    "mean_entropy": 0.6191705579612297,
    "top1_hist": [
      0.09144,
      0.08468,
      0.12712,
      0.09782666666666667,
      0.09752666666666666,
      0.1062,
      0.10068,
      0.10924,
      0.09602,
      0.08926666666666666
    ]
  }
}