{
  "aspen_n_jets_used": 1000000,
  "aspen_shift_metrics": {
    "class_js_divergence": 0.19223472832166344,
    "confidence_drop": 0.2378333933277974,
    "entropy_shift": 0.6217845467046537,
    "prob_l1_drift": 1.0019422001679341,
    "top1_flip_rate": 0.665617
  },
  "clean_acc": 0.74254,
  "ensemble_predicted_delta_acc": 0.6740081652944887,
  "ensemble_predicted_expected_acc": 0.06853183470551127,
  "model_run_name": "prelim_reimpl_cluster_seed52",
  "seed": 52
}