{
  "clean_metrics": {
    "acc": 0.75514,
    "auc_macro_ovr": 0.9674092450864198,
    "best_epoch": 27.0,
    "best_val_metric_seen": 0.967284206888889,
    "mean_confidence": 0.7910087704658508,
    "mean_entropy": 0.5840703845024109,
    "signal_vs_bg_auc": 0.9587377466666667,
    "signal_vs_bg_fpr50": 0.0074,
    "target_vs_bg_ratio_auc": 0.9934394600000002,
    "target_vs_bg_ratio_fpr50": 0.0003333333333333333,
    "trainer_posthoc_metric_abs_diff": 0.0,
    "val_metric_reloaded": 0.967284206888889
  },
  "feature_mode": "full",
  "method_effectiveness": [
    {
      "acc_gap": 0.156325,
      "auc_gap": 0.06361234155092589,
      "gap_target_minus_random": 0.1439325777363818,
      "method": "input_gradients",
      "random_drop": 0.028881276594752807,
      "targeted_drop": 0.1728138543311346
    },
    {
      "acc_gap": 0.22876249999999998,
      "auc_gap": 0.09026029988425924,
      "gap_target_minus_random": 0.21018328314120743,
      "method": "integrated_gradients",
      "random_drop": 0.028881276594752807,
      "targeted_drop": 0.23906455973596025
    },
    {
      "acc_gap": 0.18286249999999998,
      "auc_gap": 0.06804096828703697,
      "gap_target_minus_random": 0.16897363228423018,
      "method": "smoothgrad",
      "random_drop": 0.028881276594752807,
      "targeted_drop": 0.197854908878983
    }
  ],
  "n_test_jets": 150000,
  "n_train_jets": 150000,
  "n_val_jets": 50000,
  "run_name": "prelim_reimpl_cluster_seed63",
  "sanity_checks": {
    "class_balance_eval_split": {
      "counts": {
        "HToBB": 15000,
        "HToCC": 15000,
        "HToGG": 15000,
        "HToWW2Q1L": 15000,
        "HToWW4Q": 15000,
        "TTBar": 15000,
        "TTBarLep": 15000,
        "WToQQ": 15000,
        "ZJetsToNuNu": 15000,
        "ZToQQ": 15000
      },
      "max_minus_min": 0,
      "status": "pass"
    },
    "disjoint_split_construction": {
      "overlap_counts": {
        "train_test_overlap": 0,
        "train_val_overlap": 0,
        "val_test_overlap": 0
      },
      "status": "pass"
    },
    "label_mapping_permutation_diagnostic": {
      "best_permutation_accuracy": 0.75514,
      "delta_perm": 0.0,
      "raw_accuracy": 0.75514,
      "status": "pass"
    },
    "non_finite_output_checks": {
      "clean_logits_finite": true,
      "clean_probs_finite": true,
      "corruptions_all_finite": true,
      "status": "pass"
    },
    "targeted_vs_random_masking_parity": {
      "max_abs_k_mean_diff": 0.0,
      "status": "pass"
    },
    "trainer_vs_reloaded_val_consistency": {
      "abs_diff": 0.0,
      "best_val_metric_seen": 0.967284206888889,
      "reloaded_val_metric": 0.967284206888889,
      "status": "pass"
    }
  },
  "seed": 63,
  "top_shift_metric_ranking": [
    {
      "abs_spearman_delta_auc": 0.9500000000000001,
      "metric": "prob_l1_drift",
      "rank": 1
    },
    {
      "abs_spearman_delta_auc": 0.9500000000000001,
      "metric": "top1_flip_rate",
      "rank": 2
    },
    {
      "abs_spearman_delta_auc": 0.9500000000000001,
      "metric": "class_js_divergence",
      "rank": 3
    }
  ]
}