rank,metric,abs_spearman_delta_auc
1,prob_l1_drift,0.9500000000000001
2,top1_flip_rate,0.9500000000000001
3,class_js_divergence,0.9500000000000001
4,confidence_drop,0.9333333333333332
5,entropy_shift,0.9333333333333332
