{
  "aspen_shift_metrics": {
    "class_js_divergence": 0.20879946106716257,
    "confidence_drop": 0.24481835778598493,
    "entropy_shift": 0.6867995781352279,
    "prob_l1_drift": 0.9656348994781963,
    "top1_flip_rate": 0.7262323333333334
  },
  "aspen_stats": {
    "class_dist": [
      0.0025837398101560627,
      0.027392306743490902,
      9.397124751208365e-05,
      0.09082390177812225,
      0.0006550508372590579,
      0.08419208890221791,
      0.010011421422929299,
      0.5003883251528606,
      0.16388293712258895,
      0.11997625698286286
    ],
    "mean_confidence": 0.5456871298679262,
    "mean_entropy": 1.2712203601924406,
    "top1_hist": [
      1e-06,
      0.000254,
      0.0,
      0.022017,
      2.2e-05,
      0.075714,
      0.003218,
      0.833619,
      0.064921,
      0.000234
    ]
  },
  "files_considered": 4,
  "files_consumed": [
    {
      "file": "/home/ryreu/atlas/CompPhys_Final/data/AspenOpenJets/RunG_batch0.h5",
      "file_name": "RunG_batch0.h5",
      "n_jets_consumed": 1000000
    }
  ],
  "n_jets_used": 1000000
}