{
  "clean_acc": 0.7515266666666667,
  "clean_auc_macro_ovr": 0.9666323874567901,
  "clean_stats": {
    "class_dist": [
      0.1006560114142029,
      0.09050141682166377,
      0.1240375251688256,
      0.09736385448089618,
      0.08892545741050577,
      0.09606671392975952,
      0.10101895125493182,
      0.10054818750138866,
      0.10505897083202233,
      0.09582291118580327
    ],
    "mean_confidence": 0.7905054876539112,
    "mean_entropy": 0.5844207820572127,
    "top1_hist": [
      0.09792666666666666,
      0.08025333333333333,
      0.12867333333333333,
      0.09792,
      0.09671333333333333,
      0.10399333333333333,
      0.10078,
      0.10738666666666667,
      0.09755333333333334,
      0.0888
    ]
  }
}