{
  "merge_mae": 5.4722420047760005,
  "eff_mae": 2.416713483955866,
  "total_mae": 6.630510626604563,
  "merge_bias": -0.6651670693715414,
  "eff_bias": -0.0067661662761432425,
  "total_bias": -0.6719332356476846,
  "merge_rmse": 7.219936286947882,
  "eff_rmse": 3.1605651230291945,
  "total_rmse": 8.859005533485174,
  "true_merge_mean": 25.686,
  "pred_merge_mean": 25.02083293062846,
  "true_eff_mean": 7.1786666666666665,
  "pred_eff_mean": 7.171900500390524,
  "true_total_mean": 32.864666666666665,
  "pred_total_mean": 32.19273343101898
}