{
  "val_total": 31.793842098999022,
  "val_set": 0.8376024691581726,
  "val_phys": 0.24821047484874725,
  "val_pt_ratio": 0.060407565242052076,
  "val_e_ratio": 0.05975504381656647,
  "val_budget": 46.854387286376955,
  "val_sparse": 0.34595586013793944,
  "val_local": 1.112499367237091
}