{
  "acc": 0.74254,
  "auc_macro_ovr": 0.9637968609382718,
  "best_epoch": 28.0,
  "best_val_metric_seen": 0.9635433775555555,
  "mean_confidence": 0.7776374220848083,
  "mean_entropy": 0.6191705465316772,
  "signal_vs_bg_auc": 0.9571197696296296,
  "signal_vs_bg_fpr50": 0.008,
  "target_vs_bg_ratio_auc": 0.9898757644444445,
  "target_vs_bg_ratio_fpr50": 0.0010666666666666667,
  "trainer_posthoc_metric_abs_diff": 0.0,
  "val_metric_reloaded": 0.9635433775555555
}