{
  "clean_acc": 0.7435266666666667,
  "clean_auc_macro_ovr": 0.9646708571111112,
  "clean_stats": {
    "class_dist": [
      0.09662029754270518,
      0.09576659167600499,
      0.12251138259024501,
      0.0984468260888995,
      0.09016375507388893,
      0.09598335889686341,
      0.10042767763268871,
      0.0970018083057828,
      0.10477559783849558,
      0.09830270435442592
    ],
    "mean_confidence": 0.7821894683564703,
    "mean_entropy": 0.608479484551384,
    "top1_hist": [
      0.09324666666666667,
      0.08454666666666667,
      0.1276,
      0.09890666666666667,
      0.09814666666666666,
      0.1054,
      0.10030666666666667,
      0.10298,
      0.09716666666666667,
      0.0917
    ]
  }
}