{
  "merge_mae": 2.137087832344903,
  "eff_mae": 1.5304724215666452,
  "total_mae": 1.9619479261769188,
  "merge_bias": 0.5908256023195054,
  "eff_bias": -0.2920549667146471,
  "total_bias": 0.2987706356048584,
  "merge_rmse": 2.878407921404699,
  "eff_rmse": 1.9662090286432248,
  "total_rmse": 3.149371065730414,
  "true_merge_mean": 13.912,
  "pred_merge_mean": 14.502825602319506,
  "true_eff_mean": 3.4477777777777776,
  "pred_eff_mean": 3.155722811063131,
  "true_total_mean": 17.35977777777778,
  "pred_total_mean": 17.658548413382636
}