{
  "val_total": 11.445683639526367,
  "val_set": 0.8015516276359558,
  "val_phys": 0.18763988697528838,
  "val_pt_ratio": 0.03155428813397884,
  "val_e_ratio": 0.03125854170322418,
  "val_budget": 15.832857612609864,
  "val_sparse": 0.2909316260019938,
  "val_local": 1.8831454826990763
}