{
  "acc": 0.7515266666666667,
  "auc_macro_ovr": 0.9666323874567901,
  "best_epoch": 30.0,
  "best_val_metric_seen": 0.9664321244444445,
  "mean_confidence": 0.7905054688453674,
  "mean_entropy": 0.5844208598136902,
  "signal_vs_bg_auc": 0.9586649916049382,
  "signal_vs_bg_fpr50": 0.007266666666666667,
  "target_vs_bg_ratio_auc": 0.9927840755555555,
  "target_vs_bg_ratio_fpr50": 0.00046666666666666666,
  "trainer_posthoc_metric_abs_diff": 0.0,
  "val_metric_reloaded": 0.9664321244444445
}