{
  "clean_metrics": {
    "acc": 0.7515266666666667,
    "auc_macro_ovr": 0.9666323874567901,
    "best_epoch": 30.0,
    "best_val_metric_seen": 0.9664321244444445,
    "mean_confidence": 0.7905054688453674,
    "mean_entropy": 0.5844208598136902,
    "signal_vs_bg_auc": 0.9586649916049382,
    "signal_vs_bg_fpr50": 0.007266666666666667,
    "target_vs_bg_ratio_auc": 0.9927840755555555,
    "target_vs_bg_ratio_fpr50": 0.00046666666666666666,
    "trainer_posthoc_metric_abs_diff": 0.0,
    "val_metric_reloaded": 0.9664321244444445
  },
  "feature_mode": "full",
  "method_effectiveness": [
    {
      "acc_gap": 0.17553333333333337,
      "auc_gap": 0.07045998773148157,
      "gap_target_minus_random": 0.15897698567397006,
      "method": "input_gradients",
      "random_drop": 0.03082518434629683,
      "targeted_drop": 0.1898021700202669
    },
    {
      "acc_gap": 0.26445833333333335,
      "auc_gap": 0.10452551793981485,
      "gap_target_minus_random": 0.23894176922172478,
      "method": "integrated_gradients",
      "random_drop": 0.03082518434629683,
      "targeted_drop": 0.2697669535680216
    },
    {
      "acc_gap": 0.18673333333333333,
      "auc_gap": 0.06969215474537038,
      "gap_target_minus_random": 0.17189279405059696,
      "method": "smoothgrad",
      "random_drop": 0.03082518434629683,
      "targeted_drop": 0.20271797839689376
    }
  ],
  "n_test_jets": 150000,
  "n_train_jets": 150000,
  "n_val_jets": 50000,
  "run_name": "prelim_reimpl_cluster_seed74",
  "sanity_checks": {
    "class_balance_eval_split": {
      "counts": {
        "HToBB": 15000,
        "HToCC": 15000,
        "HToGG": 15000,
        "HToWW2Q1L": 15000,
        "HToWW4Q": 15000,
        "TTBar": 15000,
        "TTBarLep": 15000,
        "WToQQ": 15000,
        "ZJetsToNuNu": 15000,
        "ZToQQ": 15000
      },
      "max_minus_min": 0,
      "status": "pass"
    },
    "disjoint_split_construction": {
      "overlap_counts": {
        "train_test_overlap": 0,
        "train_val_overlap": 0,
        "val_test_overlap": 0
      },
      "status": "pass"
    },
    "label_mapping_permutation_diagnostic": {
      "best_permutation_accuracy": 0.7515266666666667,
      "delta_perm": 0.0,
      "raw_accuracy": 0.7515266666666667,
      "status": "pass"
    },
    "non_finite_output_checks": {
      "clean_logits_finite": true,
      "clean_probs_finite": true,
      "corruptions_all_finite": true,
      "status": "pass"
    },
    "targeted_vs_random_masking_parity": {
      "max_abs_k_mean_diff": 0.0,
      "status": "pass"
    },
    "trainer_vs_reloaded_val_consistency": {
      "abs_diff": 0.0,
      "best_val_metric_seen": 0.9664321244444445,
      "reloaded_val_metric": 0.9664321244444445,
      "status": "pass"
    }
  },
  "seed": 74,
  "top_shift_metric_ranking": [
    {
      "abs_spearman_delta_auc": 0.9500000000000001,
      "metric": "prob_l1_drift",
      "rank": 1
    },
    {
      "abs_spearman_delta_auc": 0.9500000000000001,
      "metric": "top1_flip_rate",
      "rank": 2
    },
    {
      "abs_spearman_delta_auc": 0.9500000000000001,
      "metric": "class_js_divergence",
      "rank": 3
    }
  ]
}