{
  "clean_metrics": {
    "acc": 0.7368733333333334,
    "auc_macro_ovr": 0.9627633469382715,
    "best_epoch": 29.0,
    "best_val_metric_seen": 0.9615882493333334,
    "mean_confidence": 0.771141767501831,
    "mean_entropy": 0.6380888223648071,
    "signal_vs_bg_auc": 0.9552123138271607,
    "signal_vs_bg_fpr50": 0.0082,
    "target_vs_bg_ratio_auc": 0.9876538622222223,
    "target_vs_bg_ratio_fpr50": 0.0008666666666666666,
    "trainer_posthoc_metric_abs_diff": 0.0,
    "val_metric_reloaded": 0.9615882493333334
  },
  "feature_mode": "full",
  "method_effectiveness": [
    {
      "acc_gap": 0.21624583333333333,
      "auc_gap": 0.08442178402777778,
      "gap_target_minus_random": 0.19248949723616451,
      "method": "input_gradients",
      "random_drop": 0.030180115832799257,
      "targeted_drop": 0.22266961306896377
    },
    {
      "acc_gap": 0.26208333333333333,
      "auc_gap": 0.10572756770833341,
      "gap_target_minus_random": 0.23535207159659538,
      "method": "integrated_gradients",
      "random_drop": 0.030180115832799257,
      "targeted_drop": 0.26553218742939466
    },
    {
      "acc_gap": 0.20505833333333334,
      "auc_gap": 0.08203433472222216,
      "gap_target_minus_random": 0.18818203817072804,
      "method": "smoothgrad",
      "random_drop": 0.030180115832799257,
      "targeted_drop": 0.21836215400352726
    }
  ],
  "n_test_jets": 150000,
  "n_train_jets": 150000,
  "n_val_jets": 50000,
  "run_name": "prelim_reimpl_cluster_seed85",
  "sanity_checks": {
    "class_balance_eval_split": {
      "counts": {
        "HToBB": 15000,
        "HToCC": 15000,
        "HToGG": 15000,
        "HToWW2Q1L": 15000,
        "HToWW4Q": 15000,
        "TTBar": 15000,
        "TTBarLep": 15000,
        "WToQQ": 15000,
        "ZJetsToNuNu": 15000,
        "ZToQQ": 15000
      },
      "max_minus_min": 0,
      "status": "pass"
    },
    "disjoint_split_construction": {
      "overlap_counts": {
        "train_test_overlap": 0,
        "train_val_overlap": 0,
        "val_test_overlap": 0
      },
      "status": "pass"
    },
    "label_mapping_permutation_diagnostic": {
      "best_permutation_accuracy": 0.7368733333333334,
      "delta_perm": 0.0,
      "raw_accuracy": 0.7368733333333334,
      "status": "pass"
    },
    "non_finite_output_checks": {
      "clean_logits_finite": true,
      "clean_probs_finite": true,
      "corruptions_all_finite": true,
      "status": "pass"
    },
    "targeted_vs_random_masking_parity": {
      "max_abs_k_mean_diff": 8.881784197001252e-16,
      "status": "pass"
    },
    "trainer_vs_reloaded_val_consistency": {
      "abs_diff": 0.0,
      "best_val_metric_seen": 0.9615882493333334,
      "reloaded_val_metric": 0.9615882493333334,
      "status": "pass"
    }
  },
  "seed": 85,
  "top_shift_metric_ranking": [
    {
      "abs_spearman_delta_auc": 0.9833333333333333,
      "metric": "prob_l1_drift",
      "rank": 1
    },
    {
      "abs_spearman_delta_auc": 0.9833333333333333,
      "metric": "top1_flip_rate",
      "rank": 2
    },
    {
      "abs_spearman_delta_auc": 0.9833333333333333,
      "metric": "class_js_divergence",
      "rank": 3
    }
  ]
}