{
  "clean_acc": 0.75514,
  "clean_auc_macro_ovr": 0.9674092450864198,
  "clean_stats": {
    "class_dist": [
      0.0993624833673082,
      0.09194675469278359,
      0.12227591042128577,
      0.09688507347390696,
      0.0898740353348929,
      0.097568962577677,
      0.10149769234293392,
      0.09715112412203421,
      0.10305997104076768,
      0.1003779926264099
    ],
    "mean_confidence": 0.7910087368376056,
    "mean_entropy": 0.5840703643098678,
    "top1_hist": [
      0.09650666666666667,
      0.08246666666666666,
      0.12605333333333332,
      0.09759333333333334,
      0.09784,
      0.10476,
      0.10115333333333333,
      0.10278,
      0.09606,
      0.09478666666666667
    ]
  }
}