{
  "val_total": 4.9420947799682615,
  "val_set": 0.5107265896797181,
  "val_phys": 0.5057629253864289,
  "val_budget": 6.333598762512207,
  "val_sparse": 0.2311993501186371,
  "val_local": 1.305761236190796
}