{
  "merge_mae": 3.765147548251682,
  "eff_mae": 1.9506871410790416,
  "total_mae": 4.728193932425644,
  "merge_bias": 0.6405422645409902,
  "eff_bias": -0.529854136167301,
  "total_bias": 0.11068812837368912,
  "merge_rmse": 4.837151397792482,
  "eff_rmse": 2.5846271427462044,
  "total_rmse": 6.1907423880887835,
  "true_merge_mean": 20.6715,
  "pred_merge_mean": 21.31204226454099,
  "true_eff_mean": 3.6061111111111113,
  "pred_eff_mean": 3.07625697494381,
  "true_total_mean": 24.27761111111111,
  "pred_total_mean": 24.3882992394848
}