{
  "val_total": 22.587549626668295,
  "val_set": 0.7212519585291545,
  "val_phys": 0.3179154987335205,
  "val_pt_ratio": 0.08668982966740926,
  "val_e_ratio": 0.03645428131024043,
  "val_budget": 32.600276194254555,
  "val_sparse": 0.2415753566424052,
  "val_local": 1.274542397181193
}