{
  "merge_mae": 6.338306123510883,
  "eff_mae": 2.0012412221495306,
  "total_mae": 7.112631130717482,
  "merge_bias": -0.5377389462681798,
  "eff_bias": -0.26828930863380407,
  "total_bias": -0.8060282549019838,
  "merge_rmse": 8.296785688844006,
  "eff_rmse": 2.6843093388182235,
  "total_rmse": 9.351151087664265,
  "true_merge_mean": 29.126666666666665,
  "pred_merge_mean": 28.588927720398488,
  "true_eff_mean": 5.312,
  "pred_eff_mean": 5.043710691366196,
  "true_total_mean": 34.43866666666667,
  "pred_total_mean": 33.63263841176469
}