{
  "val_total": 37.65213288370768,
  "val_set": 0.9813262418111165,
  "val_phys": 0.225210994720459,
  "val_pt_ratio": 0.05680106868346532,
  "val_e_ratio": 0.05637534419695536,
  "val_budget": 56.130824768066404,
  "val_sparse": 0.34528168026606243,
  "val_local": 1.3516797815958659
}